[{"fields": {"slug": "practice-test", "description": "A basic worksheet.", "title": "Practice Test"}, "model": "questions.questionset", "pk": 1}, {"fields": {"slug": "worksheet-2", "description": "adfadfaf", "title": "Worksheet 2"}, "model": "questions.questionset", "pk": 2}, {"fields": {"slug": "xxx", "description": "www", "title": "xxx"}, "model": "questions.questionset", "pk": 3}, {"fields": {"slug": "yyy", "description": "sdfadfadfad", "title": "yyy"}, "model": "questions.questionset", "pk": 4}, {"fields": {"slug": "yyy", "description": "sdfadfadfad", "title": "yyy"}, "model": "questions.questionset", "pk": 5}, {"fields": {"slug": "aaa", "description": "sss", "title": "aaa"}, "model": "questions.questionset", "pk": 6}, {"fields": {"slug": "aaaa", "description": "aaaaaa", "title": "aaaa"}, "model": "questions.questionset", "pk": 7}, {"fields": {"slug": "qwer", "description": "sssss", "title": "qwer"}, "model": "questions.questionset", "pk": 8}, {"fields": {"slug": "qwer", "description": "q", "title": "qwer"}, "model": "questions.questionset", "pk": 9}, {"fields": {"slug": "qwer", "description": "q", "title": "qwer"}, "model": "questions.questionset", "pk": 10}, {"fields": {"question_sequence": 1, "content_type": 9, "object_id": 255}, "model": "questions.questionsequenceitem", "pk": 173}, {"fields": {"question_sequence": 1, "content_type": 9, "object_id": 256}, "model": "questions.questionsequenceitem", "pk": 174}, {"fields": {"question_sequence": 1, "content_type": 9, "object_id": 257}, "model": "questions.questionsequenceitem", "pk": 175}, {"fields": {"question_sequence": 1, "content_type": 9, "object_id": 258}, "model": "questions.questionsequenceitem", "pk": 176}, {"fields": {"question_sequence": 1, "content_type": 9, "object_id": 259}, "model": "questions.questionsequenceitem", "pk": 177}, {"fields": {"question_sequence": 1, "content_type": 9, "object_id": 260}, "model": "questions.questionsequenceitem", "pk": 178}, {"fields": {"question_sequence": 1, "content_type": 9, "object_id": 261}, "model": "questions.questionsequenceitem", "pk": 179}, {"fields": {"question_sequence": 1, "content_type": 9, "object_id": 262}, "model": "questions.questionsequenceitem", "pk": 180}, {"fields": {"question_sequence": 1, "content_type": 9, "object_id": 263}, "model": "questions.questionsequenceitem", "pk": 181}, {"fields": {"question_sequence": 1, "content_type": 9, "object_id": 264}, "model": "questions.questionsequenceitem", "pk": 182}, {"fields": {"question_sequence": 1, "content_type": 9, "object_id": 265}, "model": "questions.questionsequenceitem", "pk": 183}, {"fields": {"question_sequence": 1, "content_type": 9, "object_id": 266}, "model": "questions.questionsequenceitem", "pk": 184}, {"fields": {"question_sequence": 1, "content_type": 9, "object_id": 267}, "model": "questions.questionsequenceitem", "pk": 185}, {"fields": {"question_sequence": 1, "content_type": 9, "object_id": 268}, "model": "questions.questionsequenceitem", "pk": 186}, {"fields": {"question_sequence": 1, "content_type": 9, "object_id": 269}, "model": "questions.questionsequenceitem", "pk": 187}, {"fields": {"question_sequence": 1, "content_type": 9, "object_id": 270}, "model": "questions.questionsequenceitem", "pk": 188}, {"fields": {"question_sequence": 1, "content_type": 9, "object_id": 271}, "model": "questions.questionsequenceitem", "pk": 189}, {"fields": {"question_sequence": 1, "content_type": 9, "object_id": 272}, "model": "questions.questionsequenceitem", "pk": 190}, {"fields": {"question_sequence": 1, "content_type": 9, "object_id": 273}, "model": "questions.questionsequenceitem", "pk": 191}, {"fields": {"question_sequence": 1, "content_type": 9, "object_id": 274}, "model": "questions.questionsequenceitem", "pk": 192}, {"fields": {"question_sequence": 1, "content_type": 8, "object_id": 113}, "model": "questions.questionsequenceitem", "pk": 193}, {"fields": {"question_sequence": 1, "content_type": 8, "object_id": 114}, "model": "questions.questionsequenceitem", "pk": 194}, {"fields": {"question_sequence": 1, "content_type": 8, "object_id": 115}, "model": "questions.questionsequenceitem", "pk": 195}, {"fields": {"question_sequence": 1, "content_type": 8, "object_id": 116}, "model": "questions.questionsequenceitem", "pk": 196}, {"fields": {"question_sequence": 1, "content_type": 8, "object_id": 117}, "model": "questions.questionsequenceitem", "pk": 197}, {"fields": {"question_sequence": 1, "content_type": 8, "object_id": 118}, "model": "questions.questionsequenceitem", "pk": 198}, {"fields": {"question_sequence": 1, "content_type": 8, "object_id": 119}, "model": "questions.questionsequenceitem", "pk": 199}, {"fields": {"question_sequence": 1, "content_type": 8, "object_id": 120}, "model": "questions.questionsequenceitem", "pk": 200}, {"fields": {"question_sequence": 1, "content_type": 8, "object_id": 121}, "model": "questions.questionsequenceitem", "pk": 201}, {"fields": {"question_sequence": 1, "content_type": 8, "object_id": 122}, "model": "questions.questionsequenceitem", "pk": 202}, {"fields": {"question_sequence": 1, "content_type": 8, "object_id": 123}, "model": "questions.questionsequenceitem", "pk": 203}, {"fields": {"question_sequence": 1, "content_type": 8, "object_id": 124}, "model": "questions.questionsequenceitem", "pk": 204}, {"fields": {"question_sequence": 1, "content_type": 8, "object_id": 125}, "model": "questions.questionsequenceitem", "pk": 205}, {"fields": {"question_sequence": 1, "content_type": 8, "object_id": 126}, "model": "questions.questionsequenceitem", "pk": 206}, {"fields": {"question_sequence": 1, "content_type": 8, "object_id": 127}, "model": "questions.questionsequenceitem", "pk": 207}, {"fields": {"question_sequence": 1, "content_type": 8, "object_id": 128}, "model": "questions.questionsequenceitem", "pk": 208}, {"fields": {"question_sequence": 1, "content_type": 8, "object_id": 129}, "model": "questions.questionsequenceitem", "pk": 209}, {"fields": {"question_sequence": 1, "content_type": 8, "object_id": 130}, "model": "questions.questionsequenceitem", "pk": 210}, {"fields": {"question_sequence": 1, "content_type": 8, "object_id": 131}, "model": "questions.questionsequenceitem", "pk": 211}, {"fields": {"question_sequence": 1, "content_type": 8, "object_id": 132}, "model": "questions.questionsequenceitem", "pk": 212}, {"fields": {"question_sequence": 1, "content_type": 8, "object_id": 133}, "model": "questions.questionsequenceitem", "pk": 213}, {"fields": {"question_sequence": 1, "content_type": 8, "object_id": 134}, "model": "questions.questionsequenceitem", "pk": 214}, {"fields": {"display_text": "Write six.", "correct": "6", "display_order": 21, "display_image": "", "input_size": "1"}, "model": "questions.textquestion", "pk": 113}, {"fields": {"display_text": "Write sixty.", "correct": "60", "display_order": 22, "display_image": "", "input_size": "1"}, "model": "questions.textquestion", "pk": 114}, {"fields": {"display_text": "<p>Write six hundred.</p>", "correct": "600", "display_order": 23, "display_image": "", "input_size": "1"}, "model": "questions.textquestion", "pk": 115}, {"fields": {"display_text": "Write six thousand.", "correct": "6,000", "display_order": 24, "display_image": "", "input_size": "1"}, "model": "questions.textquestion", "pk": 116}, {"fields": {"display_text": "Write six million.", "correct": "6,000,000", "display_order": 25, "display_image": "", "input_size": "1"}, "model": "questions.textquestion", "pk": 117}, {"fields": {"display_text": "Write one thousand four hundred twenty.", "correct": "1,420", "display_order": 26, "display_image": "", "input_size": "1"}, "model": "questions.textquestion", "pk": 118}, {"fields": {"display_text": "Write seven million twenty three thousand five hundred two.", "correct": "7,023,502", "display_order": 27, "display_image": "", "input_size": "1"}, "model": "questions.textquestion", "pk": 119}, {"fields": {"display_text": "<p>Write three hundred four thousand sixty five.</p>", "correct": "304,065", "display_order": 28, "display_image": "", "input_size": "15"}, "model": "questions.textquestion", "pk": 120}, {"fields": {"display_text": "Write twenty five million two hundred nine thousand eight hundred five.", "correct": "25,209,805", "display_order": 29, "display_image": "", "input_size": "1"}, "model": "questions.textquestion", "pk": 121}, {"fields": {"display_text": "Write sixty six thousand seven.", "correct": "66,007", "display_order": 30, "display_image": "", "input_size": "1"}, "model": "questions.textquestion", "pk": 122}, {"fields": {"display_text": "Write nine hundred million.", "correct": "900,000,000", "display_order": 31, "display_image": "", "input_size": "1"}, "model": "questions.textquestion", "pk": 123}, {"fields": {"display_text": "Write eighty eight million thirty thousand three hundred forty.", "correct": "88,030,340", "display_order": 32, "display_image": "", "input_size": "1"}, "model": "questions.textquestion", "pk": 124}, {"fields": {"display_text": "Write seven hundred twenty three thousand nineteen.", "correct": "723,019", "display_order": 33, "display_image": "", "input_size": "1"}, "model": "questions.textquestion", "pk": 125}, {"fields": {"display_text": "Write nine million four hundred five thousand eight hundred thirty three.", "correct": "9,405,833", "display_order": 34, "display_image": "", "input_size": "1"}, "model": "questions.textquestion", "pk": 126}, {"fields": {"display_text": "Write four thousand one hundred sixty one.", "correct": "4,161", "display_order": 35, "display_image": "", "input_size": "1"}, "model": "questions.textquestion", "pk": 127}, {"fields": {"display_text": "Write one million.", "correct": "1,000,000", "display_order": 36, "display_image": "", "input_size": "1"}, "model": "questions.textquestion", "pk": 128}, {"fields": {"display_text": "Write one hundred thirty two million.", "correct": "132,000,000", "display_order": 37, "display_image": "", "input_size": "1"}, "model": "questions.textquestion", "pk": 129}, {"fields": {"display_text": "Write forty four million forty four thousand forty four.", "correct": "44,044,044", "display_order": 38, "display_image": "", "input_size": "1"}, "model": "questions.textquestion", "pk": 130}, {"fields": {"display_text": "Write seven hundred twenty one thousand sixteen.", "correct": "721,016", "display_order": 39, "display_image": "", "input_size": "1"}, "model": "questions.textquestion", "pk": 131}, {"fields": {"display_text": "Write one million nineteen thousand four hundred twenty.", "correct": "1,019,420", "display_order": 40, "display_image": "", "input_size": "1"}, "model": "questions.textquestion", "pk": 132}, {"fields": {"display_text": "Write five thousand three.", "correct": "5,003", "display_order": 41, "display_image": "", "input_size": "1"}, "model": "questions.textquestion", "pk": 133}, {"fields": {"display_text": "Write fourteen million one hundred six thousand four hundred sixty eight.", "correct": "14,106,468", "display_order": 42, "display_image": "", "input_size": "1"}, "model": "questions.textquestion", "pk": 134}, {"fields": {"display_text": "ssssss", "display_order": 6, "display_image": "", "input_select": "radio"}, "model": "questions.optionquestion", "pk": 255}, {"fields": {"display_text": "<p>Indicate the one thousand place. 4,526</p>", "display_order": 2, "display_image": "", "input_select": "radio"}, "model": "questions.optionquestion", "pk": 256}, {"fields": {"display_text": "Indicate the ones place. 18,541", "display_order": 3, "display_image": "", "input_select": "radio"}, "model": "questions.optionquestion", "pk": 257}, {"fields": {"display_text": "<p>Indicate the <em>onegagimillion</em> place. <strong>2,015,743</strong></p>", "display_order": -1, "display_image": "img/images_y1YvUIg.jpeg", "input_select": "radio"}, "model": "questions.optionquestion", "pk": 258}, {"fields": {"display_text": "Indicate the ten thousand place. 425,984", "display_order": 5, "display_image": "", "input_select": "radio"}, "model": "questions.optionquestion", "pk": 259}, {"fields": {"display_text": "Indicate the hundred thousand place. 8,321,094", "display_order": 6, "display_image": "", "input_select": "radio"}, "model": "questions.optionquestion", "pk": 260}, {"fields": {"display_text": "<p>Indicate the ones place. 87,009</p>", "display_order": 7, "display_image": "", "input_select": "radio"}, "model": "questions.optionquestion", "pk": 261}, {"fields": {"display_text": "Indicate the tens place. 321,600,768", "display_order": 8, "display_image": "", "input_select": "radio"}, "model": "questions.optionquestion", "pk": 262}, {"fields": {"display_text": "Indicate the ten million place. 328,047,015", "display_order": 9, "display_image": "", "input_select": "radio"}, "model": "questions.optionquestion", "pk": 263}, {"fields": {"display_text": "Indicate the hundreds place. 435,012,768", "display_order": 10, "display_image": "", "input_select": "radio"}, "model": "questions.optionquestion", "pk": 264}, {"fields": {"display_text": "Indicate the hundreds place. 3,892", "display_order": 11, "display_image": "", "input_select": "radio"}, "model": "questions.optionquestion", "pk": 265}, {"fields": {"display_text": "Indicate the ten thousand place. 579,683", "display_order": 12, "display_image": "", "input_select": "radio"}, "model": "questions.optionquestion", "pk": 266}, {"fields": {"display_text": "Indicate the hundred million place.321,980,543", "display_order": 13, "display_image": "", "input_select": "radio"}, "model": "questions.optionquestion", "pk": 267}, {"fields": {"display_text": "Indicate the one thousand place. 968,327", "display_order": 14, "display_image": "", "input_select": "radio"}, "model": "questions.optionquestion", "pk": 268}, {"fields": {"display_text": "Indicate the ten million place. 372,014,968", "display_order": 15, "display_image": "", "input_select": "radio"}, "model": "questions.optionquestion", "pk": 269}, {"fields": {"display_text": "Indicate the hundreds place. 4,768", "display_order": 16, "display_image": "", "input_select": "radio"}, "model": "questions.optionquestion", "pk": 270}, {"fields": {"display_text": "Indicate the tens place. 12,590", "display_order": 17, "display_image": "", "input_select": "radio"}, "model": "questions.optionquestion", "pk": 271}, {"fields": {"display_text": "Indicate the ones place. 42,368", "display_order": 18, "display_image": "", "input_select": "radio"}, "model": "questions.optionquestion", "pk": 272}, {"fields": {"display_text": "Indicate the one thousand place. 45,670", "display_order": 19, "display_image": "", "input_select": "radio"}, "model": "questions.optionquestion", "pk": 273}, {"fields": {"display_text": "Indicate the ten thousand place. 583,647", "display_order": 20, "display_image": "", "input_select": "radio"}, "model": "questions.optionquestion", "pk": 274}, {"fields": {"display_text": "qqq", "display_order": 1, "display_image": "", "input_select": "radio"}, "model": "questions.optionquestion", "pk": 275}, {"fields": {"display_text": "Indicate the ones place. 18,543 please or por favor", "display_order": 3, "display_image": "", "input_select": "radio"}, "model": "questions.optionquestion", "pk": 276}, {"fields": {"display_text": "7", "display_order": 3, "question": 255, "correct": false}, "model": "questions.option", "pk": 825}, {"fields": {"display_text": "6", "display_order": 2, "question": 255, "correct": false}, "model": "questions.option", "pk": 826}, {"fields": {"display_text": "5", "display_order": 1, "question": 255, "correct": false}, "model": "questions.option", "pk": 827}, {"fields": {"display_text": "bbbbb", "display_order": 0, "question": 255, "correct": true}, "model": "questions.option", "pk": 828}, {"fields": {"display_text": "2", "display_order": 3, "question": 256, "correct": false}, "model": "questions.option", "pk": 829}, {"fields": {"display_text": "5", "display_order": 2, "question": 256, "correct": false}, "model": "questions.option", "pk": 830}, {"fields": {"display_text": "4", "display_order": 1, "question": 256, "correct": true}, "model": "questions.option", "pk": 831}, {"fields": {"display_text": "6", "display_order": 4, "question": 256, "correct": false}, "model": "questions.option", "pk": 832}, {"fields": {"display_text": "4", "display_order": 5, "question": 257, "correct": false}, "model": "questions.option", "pk": 833}, {"fields": {"display_text": "xxxx", "display_order": 2, "question": 257, "correct": false}, "model": "questions.option", "pk": 834}, {"fields": {"display_text": "1", "display_order": 1, "question": 257, "correct": true}, "model": "questions.option", "pk": 835}, {"fields": {"display_text": "3", "display_order": 4, "question": 257, "correct": false}, "model": "questions.option", "pk": 836}, {"fields": {"display_text": "7", "display_order": 3, "question": 258, "correct": false}, "model": "questions.option", "pk": 837}, {"fields": {"display_text": "5", "display_order": 2, "question": 258, "correct": false}, "model": "questions.option", "pk": 838}, {"fields": {"display_text": "2", "display_order": 1, "question": 258, "correct": true}, "model": "questions.option", "pk": 839}, {"fields": {"display_text": "3", "display_order": 4, "question": 258, "correct": false}, "model": "questions.option", "pk": 840}, {"fields": {"display_text": "8", "display_order": 3, "question": 259, "correct": false}, "model": "questions.option", "pk": 841}, {"fields": {"display_text": "9", "display_order": 2, "question": 259, "correct": false}, "model": "questions.option", "pk": 842}, {"fields": {"display_text": "2", "display_order": 1, "question": 259, "correct": true}, "model": "questions.option", "pk": 843}, {"fields": {"display_text": "4", "display_order": 4, "question": 259, "correct": false}, "model": "questions.option", "pk": 844}, {"fields": {"display_text": "9", "display_order": 3, "question": 260, "correct": false}, "model": "questions.option", "pk": 845}, {"fields": {"display_text": "0", "display_order": 2, "question": 260, "correct": false}, "model": "questions.option", "pk": 846}, {"fields": {"display_text": "3", "display_order": 1, "question": 260, "correct": true}, "model": "questions.option", "pk": 847}, {"fields": {"display_text": "4", "display_order": 4, "question": 260, "correct": false}, "model": "questions.option", "pk": 848}, {"fields": {"display_text": "0", "display_order": 3, "question": 261, "correct": false}, "model": "questions.option", "pk": 849}, {"fields": {"display_text": "7", "display_order": 2, "question": 261, "correct": false}, "model": "questions.option", "pk": 850}, {"fields": {"display_text": "8", "display_order": 1, "question": 261, "correct": false}, "model": "questions.option", "pk": 851}, {"fields": {"display_text": "9", "display_order": 4, "question": 261, "correct": true}, "model": "questions.option", "pk": 852}, {"fields": {"display_text": "6", "display_order": 3, "question": 262, "correct": true}, "model": "questions.option", "pk": 853}, {"fields": {"display_text": "0", "display_order": 2, "question": 262, "correct": false}, "model": "questions.option", "pk": 854}, {"fields": {"display_text": "2", "display_order": 1, "question": 262, "correct": false}, "model": "questions.option", "pk": 855}, {"fields": {"display_text": "8", "display_order": 4, "question": 262, "correct": false}, "model": "questions.option", "pk": 856}, {"fields": {"display_text": "4", "display_order": 3, "question": 263, "correct": false}, "model": "questions.option", "pk": 857}, {"fields": {"display_text": "2", "display_order": 2, "question": 263, "correct": true}, "model": "questions.option", "pk": 858}, {"fields": {"display_text": "3", "display_order": 1, "question": 263, "correct": false}, "model": "questions.option", "pk": 859}, {"fields": {"display_text": "1", "display_order": 4, "question": 263, "correct": false}, "model": "questions.option", "pk": 860}, {"fields": {"display_text": "7", "display_order": 3, "question": 264, "correct": true}, "model": "questions.option", "pk": 861}, {"fields": {"display_text": "0", "display_order": 2, "question": 264, "correct": false}, "model": "questions.option", "pk": 862}, {"fields": {"display_text": "4", "display_order": 1, "question": 264, "correct": false}, "model": "questions.option", "pk": 863}, {"fields": {"display_text": "6", "display_order": 4, "question": 264, "correct": false}, "model": "questions.option", "pk": 864}, {"fields": {"display_text": "9", "display_order": 3, "question": 265, "correct": false}, "model": "questions.option", "pk": 865}, {"fields": {"display_text": "8", "display_order": 2, "question": 265, "correct": true}, "model": "questions.option", "pk": 866}, {"fields": {"display_text": "3", "display_order": 1, "question": 265, "correct": false}, "model": "questions.option", "pk": 867}, {"fields": {"display_text": "2", "display_order": 4, "question": 265, "correct": false}, "model": "questions.option", "pk": 868}, {"fields": {"display_text": "8", "display_order": 3, "question": 266, "correct": false}, "model": "questions.option", "pk": 869}, {"fields": {"display_text": "9", "display_order": 2, "question": 266, "correct": false}, "model": "questions.option", "pk": 870}, {"fields": {"display_text": "7", "display_order": 1, "question": 266, "correct": true}, "model": "questions.option", "pk": 871}, {"fields": {"display_text": "3", "display_order": 4, "question": 266, "correct": false}, "model": "questions.option", "pk": 872}, {"fields": {"display_text": "5", "display_order": 3, "question": 267, "correct": false}, "model": "questions.option", "pk": 873}, {"fields": {"display_text": "9", "display_order": 2, "question": 267, "correct": false}, "model": "questions.option", "pk": 874}, {"fields": {"display_text": "3", "display_order": 1, "question": 267, "correct": true}, "model": "questions.option", "pk": 875}, {"fields": {"display_text": "4", "display_order": 4, "question": 267, "correct": false}, "model": "questions.option", "pk": 876}, {"fields": {"display_text": "2", "display_order": 3, "question": 268, "correct": false}, "model": "questions.option", "pk": 877}, {"fields": {"display_text": "8", "display_order": 2, "question": 268, "correct": true}, "model": "questions.option", "pk": 878}, {"fields": {"display_text": "6", "display_order": 1, "question": 268, "correct": false}, "model": "questions.option", "pk": 879}, {"fields": {"display_text": "7", "display_order": 4, "question": 268, "correct": false}, "model": "questions.option", "pk": 880}, {"fields": {"display_text": "9", "display_order": 3, "question": 269, "correct": false}, "model": "questions.option", "pk": 881}, {"fields": {"display_text": "1", "display_order": 2, "question": 269, "correct": false}, "model": "questions.option", "pk": 882}, {"fields": {"display_text": "7", "display_order": 1, "question": 269, "correct": true}, "model": "questions.option", "pk": 883}, {"fields": {"display_text": "6", "display_order": 4, "question": 269, "correct": false}, "model": "questions.option", "pk": 884}, {"fields": {"display_text": "6", "display_order": 3, "question": 270, "correct": false}, "model": "questions.option", "pk": 885}, {"fields": {"display_text": "7", "display_order": 2, "question": 270, "correct": true}, "model": "questions.option", "pk": 886}, {"fields": {"display_text": "4", "display_order": 1, "question": 270, "correct": false}, "model": "questions.option", "pk": 887}, {"fields": {"display_text": "8", "display_order": 4, "question": 270, "correct": false}, "model": "questions.option", "pk": 888}, {"fields": {"display_text": "9", "display_order": 3, "question": 271, "correct": true}, "model": "questions.option", "pk": 889}, {"fields": {"display_text": "5", "display_order": 2, "question": 271, "correct": false}, "model": "questions.option", "pk": 890}, {"fields": {"display_text": "2", "display_order": 1, "question": 271, "correct": false}, "model": "questions.option", "pk": 891}, {"fields": {"display_text": "0", "display_order": 4, "question": 271, "correct": false}, "model": "questions.option", "pk": 892}, {"fields": {"display_text": "6", "display_order": 3, "question": 272, "correct": false}, "model": "questions.option", "pk": 893}, {"fields": {"display_text": "3", "display_order": 2, "question": 272, "correct": false}, "model": "questions.option", "pk": 894}, {"fields": {"display_text": "4", "display_order": 1, "question": 272, "correct": false}, "model": "questions.option", "pk": 895}, {"fields": {"display_text": "8", "display_order": 4, "question": 272, "correct": true}, "model": "questions.option", "pk": 896}, {"fields": {"display_text": "6", "display_order": 3, "question": 273, "correct": false}, "model": "questions.option", "pk": 897}, {"fields": {"display_text": "5", "display_order": 2, "question": 273, "correct": true}, "model": "questions.option", "pk": 898}, {"fields": {"display_text": "4", "display_order": 1, "question": 273, "correct": false}, "model": "questions.option", "pk": 899}, {"fields": {"display_text": "7", "display_order": 4, "question": 273, "correct": false}, "model": "questions.option", "pk": 900}, {"fields": {"display_text": "4", "display_order": 3, "question": 274, "correct": false}, "model": "questions.option", "pk": 901}, {"fields": {"display_text": "6", "display_order": 2, "question": 274, "correct": false}, "model": "questions.option", "pk": 902}, {"fields": {"display_text": "8", "display_order": 1, "question": 274, "correct": true}, "model": "questions.option", "pk": 903}, {"fields": {"display_text": "7", "display_order": 4, "question": 274, "correct": false}, "model": "questions.option", "pk": 904}, {"fields": {"created": "2014-11-06T16:48:49.352Z", "modified": "2014-11-06T16:48:49.359Z", "object_id": 271, "user": 1, "content_type": 9, "response": "\"891\""}, "model": "questions.questionresponse", "pk": 85}, {"fields": {"created": "2014-11-06T16:52:34.059Z", "modified": "2014-11-19T09:56:40.522Z", "object_id": 257, "user": 1, "content_type": 9, "response": "\"835\""}, "model": "questions.questionresponse", "pk": 86}, {"fields": {"created": "2014-11-06T16:52:53.246Z", "modified": "2014-11-06T16:52:59.174Z", "object_id": 261, "user": 1, "content_type": 9, "response": "\"852\""}, "model": "questions.questionresponse", "pk": 87}, {"fields": {"created": "2014-11-06T16:56:38.608Z", "modified": "2014-11-12T16:55:20.612Z", "object_id": 120, "user": 1, "content_type": 8, "response": "\"304,065\""}, "model": "questions.questionresponse", "pk": 88}, {"fields": {"created": "2014-11-06T17:10:17.607Z", "modified": "2014-11-06T17:10:17.613Z", "object_id": 260, "user": 1, "content_type": 9, "response": "\"845\""}, "model": "questions.questionresponse", "pk": 89}, {"fields": {"created": "2014-11-06T17:25:33.740Z", "modified": "2014-11-07T03:47:54.356Z", "object_id": 266, "user": 1, "content_type": 9, "response": "\"871\""}, "model": "questions.questionresponse", "pk": 90}, {"fields": {"created": "2014-11-07T03:45:06.080Z", "modified": "2014-11-19T09:46:42.022Z", "object_id": 255, "user": 1, "content_type": 9, "response": "\"826\""}, "model": "questions.questionresponse", "pk": 91}, {"fields": {"created": "2014-11-07T03:45:25.161Z", "modified": "2014-11-19T08:19:16.209Z", "object_id": 256, "user": 1, "content_type": 9, "response": "\"831\""}, "model": "questions.questionresponse", "pk": 92}, {"fields": {"created": "2014-11-11T12:50:20.676Z", "modified": "2014-11-11T12:50:20.681Z", "object_id": 115, "user": 1, "content_type": 8, "response": "\"600\""}, "model": "questions.questionresponse", "pk": 93}, {"fields": {"created": "2014-11-12T16:23:40.744Z", "modified": "2014-11-19T08:18:56.980Z", "object_id": 258, "user": 1, "content_type": 9, "response": "\"839\""}, "model": "questions.questionresponse", "pk": 94}, {"fields": {"created": "2014-11-12T16:55:30.097Z", "modified": "2014-11-12T16:56:03.275Z", "object_id": 268, "user": 1, "content_type": 9, "response": "\"878\""}, "model": "questions.questionresponse", "pk": 95}, {"fields": {"created": "2014-11-12T16:58:15.984Z", "modified": "2014-11-12T16:59:08.031Z", "object_id": 264, "user": 1, "content_type": 9, "response": "\"861\""}, "model": "questions.questionresponse", "pk": 96}, {"fields": {"created": "2014-11-18T16:29:12.745Z", "modified": "2014-11-18T16:29:20.442Z", "object_id": 265, "user": 1, "content_type": 9, "response": "\"866\""}, "model": "questions.questionresponse", "pk": 97}, {"fields": {"created": "2014-11-18T16:29:45.048Z", "modified": "2014-11-18T16:29:45.053Z", "object_id": 263, "user": 1, "content_type": 9, "response": "\"858\""}, "model": "questions.questionresponse", "pk": 98}, {"fields": {"created": "2014-11-19T09:12:35.034Z", "modified": "2014-11-19T09:12:35.039Z", "object_id": 113, "user": 1, "content_type": 8, "response": "\"6\""}, "model": "questions.questionresponse", "pk": 99}, {"fields": {"created": "2014-11-19T09:56:31.566Z", "modified": "2014-11-19T09:56:31.571Z", "object_id": 259, "user": 1, "content_type": 9, "response": "\"843\""}, "model": "questions.questionresponse", "pk": 100}, {"fields": {"created": "2014-11-19T10:01:07.978Z", "modified": "2014-11-19T10:01:07.987Z", "object_id": 267, "user": 1, "content_type": 9, "response": "\"875\""}, "model": "questions.questionresponse", "pk": 101}, {"fields": {"created": "2014-11-19T10:20:26.179Z", "modified": "2014-11-19T10:20:26.184Z", "object_id": 123, "user": 1, "content_type": 8, "response": "\"900,000,000\""}, "model": "questions.questionresponse", "pk": 102}, {"fields": {"created": "2014-11-19T10:35:52.325Z", "modified": "2014-11-19T10:35:52.331Z", "object_id": 273, "user": 1, "content_type": 9, "response": "\"898\""}, "model": "questions.questionresponse", "pk": 103}, {"fields": {"created": "2014-11-19T10:36:00.131Z", "modified": "2014-11-19T10:36:00.138Z", "object_id": 274, "user": 1, "content_type": 9, "response": "\"902\""}, "model": "questions.questionresponse", "pk": 104}, {"fields": {"created": "2014-11-20T16:34:15.577Z", "modified": "2014-11-20T16:34:15.584Z", "object_id": 133, "user": 1, "content_type": 8, "response": "\"5,003\""}, "model": "questions.questionresponse", "pk": 105}, {"fields": {"text": "hi.", "subject": "1", "modified": "2014-11-19T08:50:55.444Z", "created": "2014-11-19T08:50:55.443Z"}, "model": "questions.note", "pk": 1}, {"fields": {"text": "hi again!", "subject": "2", "modified": "2014-11-19T08:51:11.750Z", "created": "2014-11-19T08:51:11.750Z"}, "model": "questions.note", "pk": 2}, {"fields": {"text": "sadfadfaf", "subject": "3", "modified": "2014-11-19T09:01:02.609Z", "created": "2014-11-19T09:01:02.608Z"}, "model": "questions.note", "pk": 3}, {"fields": {"text": "asd", "subject": "4", "modified": "2014-11-19T09:01:58.588Z", "created": "2014-11-19T09:01:58.587Z"}, "model": "questions.note", "pk": 4}, {"fields": {"text": "asdf", "subject": "5", "modified": "2014-11-19T09:03:30.700Z", "created": "2014-11-19T09:03:30.699Z"}, "model": "questions.note", "pk": 5}, {"fields": {"text": "sssss", "subject": "6", "modified": "2014-11-19T09:04:26.210Z", "created": "2014-11-19T09:04:26.209Z"}, "model": "questions.note", "pk": 6}, {"fields": {"text": "poiuyt", "subject": "0", "modified": "2014-11-19T09:05:02.487Z", "created": "2014-11-19T09:05:02.486Z"}, "model": "questions.note", "pk": 7}, {"fields": {"text": "qwerty", "subject": "1", "modified": "2014-11-19T09:05:56.298Z", "created": "2014-11-19T09:05:56.297Z"}, "model": "questions.note", "pk": 8}, {"fields": {"text": "a", "subject": "a", "modified": "2014-11-19T09:06:24.676Z", "created": "2014-11-19T09:06:24.676Z"}, "model": "questions.note", "pk": 9}, {"fields": {"text": "z", "subject": "z", "modified": "2014-11-19T09:07:04.369Z", "created": "2014-11-19T09:07:04.368Z"}, "model": "questions.note", "pk": 10}, {"fields": {"text": "z", "subject": "z", "modified": "2014-11-19T09:10:16.215Z", "created": "2014-11-19T09:10:16.214Z"}, "model": "questions.note", "pk": 11}, {"fields": {"text": "s", "subject": "s", "modified": "2014-11-19T09:11:37.828Z", "created": "2014-11-19T09:11:37.828Z"}, "model": "questions.note", "pk": 12}, {"fields": {"text": "a", "subject": "a", "modified": "2014-11-19T09:11:58.181Z", "created": "2014-11-19T09:11:58.180Z"}, "model": "questions.note", "pk": 13}, {"fields": {"text": "sss", "subject": "hi", "modified": "2014-11-20T16:24:03.529Z", "created": "2014-11-20T16:24:03.528Z"}, "model": "questions.note", "pk": 14}]